Acele et!	Hurry up!	phrase
Afiyet olsun!	Enjoy your meal!	phrase
Afrika pengueni	African penguin	noun
Allah aşkına	for god's sake	phrase
Allah'a ısmarladık!	Goodbye!	phrase
And kondoru	Andean condor	noun
Asperger sendromu	Asperger syndrome <AS>	noun
Asperger sendromu	Asperger's syndrome <AS>	noun
Baird tapiri	Baird's tapir	noun
Bali Denizi	Bali Sea	noun
Balmer serileri	Balmer series	noun
Başka bir şey	Anything else	phrase
Ben Avusturya'danım.	I am from Austria.	phrase
Ben de	Me neither	phrase
Beni ilgilendirmez	I don't care	phrase
Benim adım Frank	My name is Frank	phrase
Benim sıram	It's my turn	phrase
Bir şey değil	You are welcome	phrase
Burada yabancıyım	I'm a stranger here.	phrase
Cava Denizi	Java Sea	noun
Celebes Denizi	Celebes Sea	noun
Ciddiye alma	Take it easy	phrase
Dikkat et	Be careful	phrase
Doğu Avrupa	Eastern Europe	noun
Ege Denizi	Aegean Sea	noun
Fazlaca kalabalıktı	It was too crowded	phrase
Fiyatı nedir	How much is it?	phrase
Görüşme üzere	See you soon	phrase
Güle güle	Bye!	phrase
Güle güle	Goodbye!	phrase
Hamsin Yortusu	Pentecost	noun
Hayırlı sabahlar	Good morning!	phrase
Hesabı lütfen	The bill please!	phrase
Hiç bir suretle	Out of the question	phrase
Hoşça kal	Goodbye!	phrase
Humboldt pengueni	Humboldt penguin	noun
Kabul ediyorum.	I agree.	phrase
Kolay gelsin	Good luck! [wishing success]	phrase
Korkarım ki	I'm afraid	phrase
Kusura bakmayın	Excuse me!	phrase
Kuzey Kutbu	North Pole	noun
Memnun oldum	Nice to meet you.	phrase
O iyidir	He is doing well.	phrase
O nasıl	How's he doing?	phrase
Osmanlı İmparatorluğu	Ottoman Empire	noun
Prag Baharı	Prague Spring	noun
Rica ederim!	Please!	phrase
Siktir git	Fuck off! [vulg.]	phrase
Sıra bende	It's my turn.	phrase
Sıra sende	It's your turn.	phrase
Tanıştırabilir miyim	May I introduce ...	phrase
Tanıştığımıza memnun oldum	Nice to meet you.	phrase
abur cubur	snack	noun
acemice boyamak	to daub	verb
ada devleşmesi	insular gigantism	phrase
ada devleşmesi	island gigantism	phrase
ada doğanı	Eleonora's falcon	phrase
affını rica etmek	to apologise [Br.]	verb
ak kumkuşu	sanderling	noun
ak kuyruklu kız kuşu	white-tailed lapwing	noun
ak yanaklı kaz	barnacle goose	noun
akşam yemeği	dinner	noun
alaca örümcek kuşu	masked shrike	noun
alay etmek	to twit	verb
altmış altı	sixty-six	noun
altmış beş	sixty-five	noun
altmış bir	sixty-one	noun
altmış dokuz	sixty-nine	noun
altmış dört	sixty-four	noun
altmış iki	sixty-two	noun
altmış sekiz	sixty-eight	noun
altmış yedi	sixty-seven	noun
altmış üç	sixty-three	noun
altı yüz	six hundred	noun
aluminyum folyo	kitchenfoil	noun
alyan anahtarı	allen key	noun
alışveriş arabası	cart	noun
alışveriş yapmak	to purchase	verb
amino asit	amino acid	noun
analitik geometri	analytic geometry	noun
anlam çıkarmak	to conclude	verb
anlamına gelmek	to mean	verb
anlamında olmak	to mean	verb
ant içmek	to swear [oath]	verb
arada sırada	sometimes	adv
arka plan	background	noun
arka tarafında	behind	adv
art arda	repeatedly	phrase
ata binmek	to ride	verb
ateş karıştırıcısı	warmonger	noun
atla gitmek	to ride	verb
aynı şekilde	equally	adv
aynı şekilde	likewise	adv
az kalsın	almost	adv
az önce	just	adv
az önce	recently	adv
açlıktan kıvranmak	to starve	verb
açık yeşil	light green	adj
açık yıldız kümesi	open cluster	noun
açıklayıcı not	annotation	noun
ağaç gövdesi	trunk	noun
aşağı yukarı	approximately	adv
b-e yalan söylemek	to lie to sb.	verb
b-e zarar vermek	to hurt sb.	verb
b-i -bilir	sb. might	phrase
b-i incitmek	to hurt sb.	verb
b-i kandırmak	to lie to sb.	verb
b-i uyandırmak	to wake sb.	verb
b-i yaralamak	to hurt sb.	verb
bahçe tırmaşık kuşu	short-toed treecreeper	noun
baldır kemiği	shin bone	noun
balina köpek balığı	whale shark	noun
bana göre	in my opinion <IMO>	phrase
banyo küveti	bathtub	noun
basit lokanta	snack bar	noun
basınçlı hava	compressed air	noun
bataklık kamışçını	Savi's warbler	noun
bayan tuvaleti	women's restroom [Am.]	noun
bayağı alakarga	(Eurasian) jay	noun
bayağı boyunburan	Eurasian wryneck	noun
bayağı kızılkuyruk	(common) redstart	noun
bayağı taşçeviren	(ruddy) turnstone	noun
bayağı uzunkuyruk	long-tailed bushtit	noun
bayağı yayın balığı	sheatfish	noun
bayağı yayın balığı	wels catfish	noun
bayağı yediuyur	edible dormouse	noun
bayağı çalı kuşu	goldcrest	noun
bağımsız biçim	free-form	phrase
bağışıklık sistemi	immune system	noun
beceriksizce boyamak	to daub	verb
belediye başkanı	mayor	noun
belediye binası	town hall	noun
belirtme sıfatı	the [Turkish has no definite article]	phrase
belli ki	obviously	adv
benekli kedi [Felis margarita]	sand (dune) cat	noun
benekli sırtlan [Crocuta crocuta]	spotted hyena	noun
benzin istasyonu	gas station [Am.]	noun
besin maddeleri	groceries	noun
beyan etmek	to declare	verb
beyaz ayı	polar bear	noun
beyaz şarap	white wine	noun
beş bin	five thousand	noun
beş yüz	five hundred	noun
bile bile	on purpose	adv
biniş kartı	boarding pass	noun
boz yunus	Risso's dolphin	noun
boz çıvgın	(western) Bonelli's warbler	noun
boz ötleğen	garden warbler	noun
boğmaklı toygar	calandra lark	noun
bu arada	by the way <BTW>	adv
bu nedenle	therefore	adv
bu sebepten dolayı	because of this reason	phrase
bu yüzden	therefore	adv
bulmaya çalışmak	to look for	verb
buluşma yeri	meeting point	noun
buna rağmen	in spite of that	adv
bundan dolayı	therefore	adv
bundan dolayı	thus [therefore]	adv
bundan sonra	hereinafter	adv
bunun için	hence	adv
bunun için	therefore	adv
bupropion [C13H18ClNO]	bupropion	noun
buz pateni	ice skating	noun
bükülme noktası	inflection point	noun
büyük anne-baba	grandparents	noun
büyük kerkenez [Falco rupicoloides]	greater kestrel	noun
büyük kerkenez [Falco rupicoloides]	white-eyed kestrel	noun
büyük mağaza	department store	noun
büyük tarakdiş [Mergus merganser]	common merganser [Am.]	noun
büyük tarakdiş [Mergus merganser]	goosander [Br.]	noun
büyük örümcek kuşu [Lanius excubitor]	great grey shrike [Br.]	noun
büyükbaba ve büyükanne	grandparents	noun
can sıkıcı	annoying	adj
can sıkıcı	boring	adj
can çekişme	agony	noun
canlı yayın	live broadcast	noun
cenubî [osm.]	southern	adj
cep telefonu	cellular phone [Am.]	noun
cep telefonu	mobile phone [Br.]	noun
cevap vermek	to answer	verb
cumartesi <ct., cts.>	Saturday <Sat., Sa.>	noun
cımbızla almak	to tweeze	verb
cımbızla yolmak	to tweeze	verb
daha az	less	phrase
daha fazla	much more	adv
daha geç	later	phrase
daha kötü	worse	phrase
daha küçük	less	adj
daha sonra	later	phrase
daha çok	rather	adv
daha şirin	lovelier	adj
dana eti	veal	noun
dans etmek	to dance	verb
davet etmek	to invite	verb
davul çalmak	to drum	verb
de hali	locative	noun
dede ve nine	grandparents	noun
demek istemek	to mean	verb
demek olmak	to mean	verb
den hali	ablative	noun
deniz düdükçünü	red-necked phalarope	noun
deniz feneri	lighthouse	noun
deniz tutmuş	seasick	adj
deniz ürünleri	seafood	noun
deoksiribonükleik asit	deoxyribonucleic acid <DNA>	noun
destek çıtası	stringer	noun
devam etmek	to continue	verb
devlet desteği	subsidy	noun
değer azalması	depreciation	noun
değer kaybı	depreciation	noun
dikey stabilize	vertical stabilizer	noun
dikkat etmek	to look out	verb
dip notu	annotation	noun
diş ağrısı	toothache	noun
diş dibi çapı	minor diameter	noun
diş doktoru	dentist	noun
diş fırçası	toothbrush	noun
diş hekimi	dentist	noun
diş macunu	toothpaste	noun
dokuz yüz	nine hundred	noun
domuz budu	ham	noun
domuz eti	pork	noun
doğum günü	birthday	noun
dua etmek	pray	verb
dugong [Dugong dugon]	dugong	noun
dul kadın	widow	noun
dönme momenti	torque	noun
dönüm noktası	inflection point	noun
dönüş turning	noun
dönüş rotation	noun
dönüş return	noun
dört bin	four thousand	noun
dört yüz	four hundred	noun
döviz kuru	exchange rate	noun
dürüst olarak	to be honest	adv
dürüst olmak gerekirse	frankly speaking	phrase
dürüst olmayan	dishonest	adj
düğüm teorisi	knot theory	noun
düşey asimptot	vertical asymptote	noun
dış gezegen	outer planet	noun
e hali	dative	noun
el feneri	flashlight	noun
el feneri	torch	noun
el lambası	flashlight	noun
el sallamak	to wave	verb
elbise kolu	sleeve	noun
elde etmek	to get	verb
elde etmek	to receive	verb
ele verme	betrayal	noun
elektrik düğmesi	light switch	noun
elektrik fişi	plug	noun
elektrik traş makinası	electric razor	noun
eli açık	generous [liberal, lavish]	adj
elma suyu	apple juice	noun
elmalı pasta	apple pie	noun
en azından	at least	adv
en büyük	largest	adj
en son	last	adj
en sonunda	eventually	adv
engelli insan	disabled person	noun
erkek arkadaş	boyfriend	noun
erkek tuvaleti	men's restroom [Am.]	noun
erkek yeğen	nephew	noun
eski zamandan kalma	ancient	adj
et yemeyen	vegetarian	adj
ev sahibi	host	noun
evcil hayvan	pet	noun
evvelki gün	the day before yesterday	adv
evvelsi gün	the day before yesterday	adv
eğer olmazsa	unless	conj
eğilim göstermek	to tend to	verb
eğilimi olmak	to tend to	verb
farkında olmak	to be aware of	verb
fener kulesi	lighthouse	noun
firar kenarı	trailing edge	noun
fiş [elektrik]	plug	noun
fotoğraf makinesi	camera	noun
fotoğraf çekmek	to take a photograph	verb
fırça atmak	berate	verb
fırında pişirmek	to bake	verb
garantiye almak	to insure	verb
gece yarısı	midnight	noun
gençlik yurdu	hostel	noun
gençlik yurdu	youth hostel	noun
geometrik ortalama	geometric mean	noun
geri çekilme	retreat	noun
geri çevirmek	to reject	verb
gidip gelmek	to commute	verb	evle iş arasını gidip gelmek: to travel between home and work
gidip görmek	to visit	verb
göbek deliği	bellybutton	noun
gök gürlemesi	thunder	noun
gök gürültüsü	thunder	noun
görmeye gitmek	to visit	verb
görmezden gelmek	to ignore	verb
görülecek yer	sight	noun
görülmeye değer	worth seeing	adj
göz kırpmak	to blink	verb
göz kırpmak	to wink	verb
gözden geçirmek	to look at	verb
gözyaşı dökmek	to weep	verb
gözü pek	daring	adj
gümüş uçlu köpekbalığı [Carcharhinus albimarginatus]	silvertip shark	noun
güneyde bulunan	southern	adj
güneş batışı	sunset	noun
güneş doğması	sunrise	noun
güneş doğuşu	sunrise	noun
güneş kremi	sun creme	noun
güneş kremi	sunscreen	noun
güneşin batısı	sunset	noun
güneşin doğuşu	sunrise	noun
günün saati	time of day	noun
gıda maddeleri	groceries	noun
haberi olmak	to know	verb
haddinden fazla	over the top	adj
hak iddia etmek	to claim	verb
hakaret etmek	to insult	verb
hata mesajı	error message	noun
hava atmak	to show off	verb
hava durumu	weather forecast	noun
hava limanı	airport	noun
havacılık mühendisi	aeronautical engineer	noun
havada süzülmek	to sail	verb
havayolu şirketi	airline	noun
hayal gücü	imagination	noun
hayal kırıklığı	disappointment	noun
hayran kalmak	to admire	verb
hayran olmak	to admire	verb
hayrete düşürmek	to surprise	verb
haziran <Haz., Hz., H>	June	noun
hazır bulunma	availability	noun
hedefe oturmak	to hit	verb
hekimin hastası	patient	noun
hem de	also	adv
hem de	even	adv
hemen hemen	almost	adv
hemfikir olmak	to agree	verb
henüz değil	not yet	adv
hepsinden önce	above all	adv
her ay	monthly	adv
her gün	every day	adv
her ikisi	both	phrase
her sene	annual	adj
her tarafta	throughout [everywhere]	adv
her tarafında	throughout [everywhere]	adv
her yerde	anywhere	adv
her yerde	throughout [everywhere]	adv
her yerinde	throughout [everywhere]	adv
her yıl	annual	adj
her zaman olduğu gibi	as always	phrase
her zaman	anytime	adv
her zamanki gibi	as always	phrase
her şeyden evvel	above all	adv
her şeyden önce	above all	adv
herhangi bir zaman	ever	adv
herhangi bir şey	something	pron
herhangi bir	any [noun qualifier]	phrase
herhangi bir	any	phrase
herhangi biri	anyone	pron
herkes için	for all	phrase
hesaba katmak	to take sth. into account	verb
heyecan verici	exciting	adj
hidralazin [C8H8N4]	hydralazine	noun
hiç [+negation]	not at all	adv
hiç bir suretle	in no case	adv
hiç kimse	nobody	pron
hiç olmazsa	at least	adv
hiçbir zaman	never	adv
hiçbir şey	nothing	pron
hor görmek	to scorn	verb
hoşnut etmek	to please	verb
hoşuna gitmek	to please	verb
huzursuz etmek	to disturb	verb
hâkim görüş	mainstream	noun
hücum açısı	angle of attack	noun
hücum kenarı	leading edge	noun
i hali	accusative	noun
idam cezası	death penalty	noun
idareli harcamak	to save	verb
idrak etmek	to grasp	verb
iflas ettirmek	to bankrupt	verb
ihanet etmek	to betray	verb
ihtivâ etmek	subsume	verb
ihtiyacı olmak	to need	verb
ikamet etmek	to live [in a building/at a place]	verb
iki bin	two thousand	noun
iki yüz	two hundred	noun
ikiz paradoksu	twin paradox	noun
ilan tahtası	notice board	noun
ilave etmek	to add	verb
ileri gitmek	to exceed	verb
ilk olarak	in the first place	adv
imdadına yetişmek	to help	verb
imha etmek	to destroy	verb
in hali	genitive	noun
isabet etmek	to hit	verb
istif etmek	to stack	verb
istifa etmek	to resign	verb
istihtam etme	employment	noun
iyi ki	fortunately	adv
iyice kızarmış	well done [gastronomy]	adj
izin vermek	to allow	verb
izin vermek	to give permission	verb
içeri gelmek	to step in	verb
içi boş	hollow	adj
içki mahmurluğu	hangover	noun
iğdiş etmek	to castrate	verb
iş parçacığı	thread	noun
işaret parmağı	forefinger	noun
işe alma	employment	noun
işgal altında	occupied	adj
işgal edilmiş	occupied	phrase
iştah açıcı	aperitive	noun
kabin basıncı	cabin pressure	noun
kabin basınçlandırması	cabin pressurization	noun
kabin tazyîki	cabin pressure	noun
kadar [süre]	by	prep
kafası karışmış	confused	phrase
kafaya takma	obsession	noun
kahvaltı büfesi	breakfast buffet	noun
kaltak [kaba]	whore	noun
kamp yeri	camping site	noun
kapı kilidi	lock [on a door]	noun
kar baykuşu	snowy owl	noun
kar payları	dividends {pl}	noun
kar tanesi	snowflake	noun
kara alınlı örümcek kuşu	lesser gray shrike [Am.]	noun
kara ağaçkakan	black woodpecker	noun
kara başlı kiraz kuşu	black-headed bunting	noun
kara başlı çinte	black-headed bunting	noun
kara dalıcı martı	black guillemot	noun
kara gerdanlı dalgıç	Arctic loon [Am.]	noun
kara kızılkuyruk	black redstart	noun
kara leylek	black stork	noun
kara mamba	black mamba	noun
kara sırtlı çakal	black-backed jackal	noun
karabaş kiraz kuşu	black-headed bunting	noun
karabaş çinte	black-headed bunting	noun
karabaş ötleğen	(Eurasian) blackcap	noun
karanlık enerji	dark energy [cosmology]	noun
karanlık madde	dark matter [cosmology]	noun
karmaşık sayı	complex number	noun
karışık salata	mixed salad	noun
karşıdan karşıya	across	adv
katma değer vergisi	value added tax <VAT>	noun
kaval kemiği	shin	noun
kaya kiraz kuşu	rock bunting	noun
kağıt mendil	tissue	noun
kağıt peçete	napkin	noun
kendinden geçmek	to pass out	verb
kendine güvenen	self-confident	adj
kendini beğenmiş	conceited	adj
kendini geliştirmek	to improve oneself	verb
klasik müzik	classical music	noun
kol saati	watch [wristwatch]	noun
kolay anlaşılır	coherent	adj
kolyeli büyük yağmurcun [Charadrius hiaticula]	(common) ringed plover	noun
komedyen yardakçısı	stooge	noun
kompleks sayı	complex number	noun
konuk eden kimse	host	noun
korkunç [argo]	awesome [Am.]	adj
koyu mavi	dark blue	adj
koyungözü [Bellis perennis]	daisy	noun
kraliyet düğünü	royal wedding	noun
kuantum kimyası	quantum chemistry	noun
kum fırtınası	sandstorm	noun
kumar oynamak	to gamble	verb
kurt [Canis lupus]	wolf	noun
kuru temizleme	dry cleaner's	noun
kutup ayısı [Ursus maritimus]	polar bear	noun
kuyruklu yıldız	comet	noun
kuyruklu yıldız	shooting star	noun
kuyrukta beklemek	to line up	verb
kuzguni siyah	jet-black	adj
kuzu eti	lamb	noun
kuşkusuz ki	indeed	adv
kötü niyetle	falsely	adv
kötü niyetle	maliciously	adv
kötü niyetle	wickedly	adv
kötü niyetle	wrongly	adv
kötü yönde	negatively [adversely]	adv
kötü şekilde	negatively [adversely]	adv
kül tabla	ashtray	noun
kül tablası	ashtray	noun
kütleçekimsel çökme	gravitational collapse	noun
küçük düşürmek	to humiliate	verb
küçük halı	rug	noun
küçük kerkenez [Falco naumanni]	lesser kestrel	noun
küçük kiraz kuşu [Emberiza pusilla]	little bunting	noun
kır incir kuşu	tawny pipit	noun
kırmızı turp	radishes {pl}	noun
kırçıl marmot	hoary marmot	noun
kısa pantolon	shorts	noun
kıskanç olmak	to be jealous	verb
kız arkadaş	girlfriend	noun
kız evlat	daughter	noun
kız kardeş	sister	noun
kız torun	granddaughter	noun
kız yeğen	niece	noun
kızıl ardıç kuşu	redwing [thrush]	noun
kızıl boyunlu batağan	red-necked grebe	noun
kızıl enseli doğan	Barbary falcon	noun
kızıl gerdanlı dalgıç	red-throated diver [Br.]	noun
kızıl kum kuşu	curlew sandpiper	noun
lenfatik sistem	lymph system	noun
lenfatik sistem	lymphatic system	noun
leopar [Panthera pardus]	leopard	noun
lityum florür [LiF]	lithium fluoride	noun
lityum hidroksit [LiOH]	lithium hydroxide	noun
maden suyu	mineral water	noun
madeni para	coin	noun
mahalli saat	local time	noun
mahmuzlu çinte [Calcarius lapponicus]	Lapland bunting	noun
mahmuzlu çinte [Calcarius lapponicus]	Lapland longspur	noun
mahrum bırakmak	forego	verb
maikong [Cerdocyon thous]	common fox	noun
mavi baştankara [Cyanistes caeruleus, Parus caeruleus]	(Eurasian) blue tit	noun
mazeret [osm.]	excuse	noun
mazur görmek	to forgive	verb
mecbur olmak	to have to	verb
medya tarihi	media history	noun
memişhane [osm.]	restroom [Am.]	noun
memnun etmek	to please	verb
merak etmek	to wonder	verb
merak etmek	to worry	verb
merakta kalmak	to worry	verb
mercan resifi	coral reef	noun
mevcut olma	availability	noun
meydana gelmek	to happen	verb
meydana getirmek	to create	verb
meyve salatası	fruit salad	noun
moloz yığını	rubble	noun
mors [Odobenus rosmarus]	walrus	noun
muhtaç olmak	to require	verb
mutlu son	happy ending	noun
mücazat [osm.]	punishment	noun
münakaşa etmek	to quarrel	verb
müzik kutusu	music box	noun
nasıl olsa	anyway	adv
ne ... ne de	neither ... nor	conj
ne kadar	how many	phrase
ne kadar	how much	adv
ne yazık ki	unfortunately	adv
ne yazık	What a pity!	phrase
ne zaman	when	adv
nefret etmek	to hate	verb
nefret etmek	to loathe	verb
nine [konuş.]	grandma	noun
niyet etmek	to contemplate	verb
niyet etmek	to purpose	verb
nişanlı kız	fiancée	noun
nötron yıldızı	neutron star	noun
nükleer tıp	nuclear medicine	noun
olsa bile	even if	adv
omuz silkmek	to shrug	verb
on altı	sixteen	noun
on beş	fifteen	noun
on bir	eleven	noun
on dokuz	nineteen	noun
on dört	fourteen	noun
on iki	twelve	noun
on sekiz	eighteen	noun
on yedi	seventeen	noun
on üç	thirteen	noun
ondan dolayı	thus [therefore]	adv
ondan önce	before that	adv
onlu yarış	decathlon	noun
onun için	therefore	adv
orman çıvgını	wood warbler	noun
orta parmak	middle finger	noun
ortalama çap [vida dişi]	pitch diameter	noun
ortopedi doktoru	orthopaedist [Br.]	noun
otobüs [uzun seyahat]	coach [esp. Br.]	noun
otobüs durağı	bus stop	noun
otobüs sürücüsü	bus driver	noun
oturma odası	living room	noun
oy vermek	to vote	verb
oyuncu [kadın]	actress	noun
pamuk balığı [Prionace glauca]	blue shark	noun
para basmak	monetize	verb
para birimi	currency	noun
para çekmek	to withdraw money	verb
para çıkarmak	monetize	verb
parfüm sürmek	to perfume	verb
parmak tırnağı	fingernail	noun
parçacık fiziği	particle physics [treated as sg.]	noun
parçacık hızlandırıcı	particle accelerator	noun
pasbaş patka [Aythya nyroca]	ferruginous duck	noun
pasbaş patka [Aythya nyroca]	ferruginous pochard	noun
patates kızartması	French fries [Am.]	noun
patates kızartması	chips [Br.]	noun
patates kızartması	fried potatoes	noun
patates kızartması	roast potato	noun
patlak vermek	to break out	verb
pazarlık etmek	to bargain	verb
pek çabuk	rapid	adj
pek çok	very	adv
pencere eşiği	windowsill	noun
pes etmek	to give up [surrender, relinquish]	verb
piyasaya para sürmek	monetize	verb
portakal rengi	orange	adj
posta kartları	postcards	noun
posta kartı	postcard	noun
potasyum dikromat [K2Cr2O7]	potassium dichromate	noun
potasyum iyodat [KIO3]	potassium iodate	noun
potasyum klorat [KClO3]	potassium chlorate	noun
pratisyen doktor	practitioner	noun
radyo astronomi	radio astronomy	noun
rafine etmek	to refine	verb
rahatsız etmek	to disturb	verb
razı etmek	to persuade	verb
ribonükleik asit <RNA>	ribonucleic acid <RNA>	noun
rica etmek	to ask for	verb
rica etmek	to ask	verb
rüya görmek	to dream	verb
saat yönünde	clockwise	phrase
sabit eşya	fixtures {pl}	noun
sahanda yumurta	fried egg	noun
sahanda yumurta	scrambled eggs {pl}	noun
sahip olmak	to have got	verb
sahip olmak	to have	verb
sahip olmak	to own	verb
saplı küçük tencere	saucepan	noun
sarı centiyan	(great) yellow gentian	noun
sarı kiraz kuşu	yellowhammer	noun
sarımsak presi	garlic press	noun
sarıp sarmalamak	wind up	verb
satın almak	to buy	verb
satın almak	to purchase	verb
saç fırçası	hairbrush	noun
saç kurutma makinesi	hair dryer	noun
saç tokası	hairpin	noun
sağ tarafta	on the right-hand side	adv
sağa doğru	to / on the right	adv
sağa dönmek	to turn right	verb
sekiz buçukta	at half past eight	phrase
sekiz yüz	eight hundred	noun
sigara içmek	to smoke	verb
sigara kullanmak	to smoke	verb
sigorta etmek	to insure	verb
simpatrik türleşme	sympatric speciation	noun
sinir sistemi	nervous system	noun
sipariş etmek	to order	verb
siğilli kurbağa	common toad	noun
sodyum borhidrür	sodium borohydride	noun
sodyum bromür	sodium bromide	noun
sofra takımı	cutlery	noun
sohbet etmek	to chat	verb
som balığı	salmon	noun
son vermek	wind up	verb
sonraya bırakmak	to postpone	verb
sorguya çekmek	to examine	verb
sos tavası	saucepan	noun
streptomisin [C21H39N7O12]	streptomycin	noun
su [normal, gazsız]	still water	noun
su kılavuzu [Rallus aquaticus]	water rail	noun
söyleyip yazdırmak	to dictate	verb
söz vermek	to promise	verb
sürmeli çalı kuşu [Regulus ignicapill, syn.: Regulus ignicapillus]	(common) firecrest	noun
sürpriz yapmak	to surprise	verb
sıcak çikolata	hot chocolate	noun
sıkıştırılmış hava	compressed air	noun
sırt çantası	backpack	noun
sırt çantası	rucksack	noun
sıvı yağ	oil	noun
sığır balıkçılı	cattle egret	noun
sığır eti	beef	noun
ta ötede	over there	adv
taba rengi	tan	adj
tadına bakmak	to taste	verb
tadını çıkarmak	to enjoy	verb
tahmin edilmiş	estimated <est.>	phrase
tahrik etmek	to goad	verb
tahrik etmek	wind up	verb
tahrip etmek	to damage	verb
takip etmek	to chase	verb
takip etmek	to follow	verb
takım elbise	suit	noun
talep etmek	to claim	verb
talep etmek	to require	verb
tam aksine	the other way round [Br.]	phrase
tam tersine	the other way round [Br.]	phrase
taramalı tünelleme mikroskobu	scanning tunnelling microscope <STM> [Br.]	phrase
tarla kazı	bean goose	noun
tarla kiraz kuşu	corn bunting	noun
tarla çintesi	corn bunting	noun
tasarruf etmek	to save	verb
tasfiye etmek	wind up	verb
tasvir etmek	to describe	verb
tekerlek lastiği	tyre [Br.]	noun
telaffuz etmek	to pronounce	verb
teneke kaplamak	to tin	verb
teorik kimya	theoretical chemistry	noun
tepe açısı	thread angle	noun
tepeli baştankara	(European) crested tit	noun
tepeli guguk	great spotted cuckoo	noun
tepeli patka	tufted duck	noun
tepeli pelikan	Dalmatian pelican	noun
tepeli toygar	crested lark	noun
terk etmek	to go [to leave]	verb
teşekkür borçlu	thankful	adj
teşekkür etmek	to thank	verb
timsah kapan kaplumbağası	alligator snapping turtle	noun
turistik yer	sight	noun
türlü türlü	miscellaneous	phrase
ufak lokanta	snack bar	noun
umrumda değil	I don't care.	phrase
uygun olmak	to do [be reasonable or acceptable]	verb
uykuya dalmak	to fall asleep	verb
uzay boşluğu	space	noun
uzay turizmi	space tourism	noun
uçsuz bucaksız	vast	adj
vaktinde olmak	to be on time	phrase
var olan	available	adj
vergiler dahil	VAT included	phrase
verniyeli cetvel	vernier caliper	noun
vuku bulmak	to happen	verb
vücut [şarap]	body [wine]	noun
ya ... ya da	either ... or	conj
ya da	or	conj
yabancı anahtar	foreign key	noun
yaklaşık olarak	about [circa]	adv
yaklaşık olarak	approximately	adv
yalın hal	nominative	noun
yanma odası	combustion chamber	noun
yarasa doğanı [Falco rufigularis]	bat falcon	noun
yardım etmek	to help	verb
yardımcı olmak	to help	verb
yardımda bulunmak	to help	verb
yardımına koşmak	to help	verb
yatay asimptot	horizontal asymptote	noun
yatay stabilize	horizontal stabilizer	noun
yaya kaldırımı	sidewalk [Am.]	noun
yazı tura atmak	to toss	verb
yedi yüz	seven hundred	noun
yeleli tembel hayvan	maned sloth	noun
yelkenle gitmek	to sail	verb
yelkenliyle gitmek	to sail	verb
yem vermek	to feed	verb
yemek listesi	menu	noun
yemek pişirme	cooking	noun
yemek tarifi	recipe	noun
yemek yapmak	to cook	verb
yemek çubukları	chopsticks	noun
yengeç yağmurcunu [Dromas ardeola]	crab plover	noun
yeniden düşünmek	to reconsider	verb
yeniden ele almak	to reconsider	verb
yer fıstık	peanut	noun
yere inmek	to land	verb
yerel saat	local time	noun
yerel zaman	local time	noun
yerine koyma	substitution	noun
yerine koymak	to replace	verb
yersiz sorular soran	inquisitive	adj
yeterli olmak	to do [suffice]	verb
yeşil salata	green salad	noun
yine de	in spite of that	adv
yirmi bir	twenty-one	noun
yok olmak	to disappear	verb
yok olmak	to vanish	verb
yok saymak	to ignore	verb
yoksun bırakmak	forego	verb
yolculuk etmek	to travel	verb
yoruma açık	ambiguous	adj
yorumda bulunmak	to comment on	verb
yumak yapmak	wind up	verb
yurtiçi uçuş	domestic flight	noun
yürüyen merdiven	escalator	noun
yürüyerek gitmek	to walk	verb
yılbaşı gecesi	New Year's Eve	noun
yıldan yıla	annually	adv
yıllık olarak	annually	adv
zamanında olmak	to be on time	verb
zarar vermek	to damage	verb
zebra ispinozu [Taeniopygia guttata, syn.: Poephila guttata]	zebra finch	noun
ziyaret etmek	to visit	verb
zorunlu askerlik	conscription	noun
Çok teşekkür ederim!	Thank you very much!	phrase
Çok teşekkürler!	Thank you very much!	phrase
Çok yaşa!	Bless you! [after sneezing]	phrase
Önemli değil!	Never mind!	phrase
Özür dilerim!	Excuse me!	phrase
Özür dilerim, [dediğinizi] anlamadım.	I'm sorry, I didn't get / catch that.	phrase
Özür dilerim.	I am sorry.	phrase
Ürün Bilgi Yönetimi	Product Data Management <PDM>	phrase
âlet olan kimse	stooge	noun
çare bulmak	to help	verb
çare olmak	to help	verb
çaresine bakmak	to remedy	verb
çatal-bıçak takımı	cutlery	noun
çatı katı	top floor	noun
çay kaşığı	teaspoon <tsp. / t.>	noun
çayır incir kuşu	meadow pipit	noun
çeyrek geçer	a quarter past	phrase
çeyrek geçiyor	a quarter past	phrase
çift sürmek	to plough	verb
çinko nitrat [Zn(NO3)2]	zinc nitrate	noun
çita [Acinonyx jubatus]	cheetah	noun
çizgili ötleğen [Sylvia nisoria]	barred warbler	noun
çok büyük	huge	adj
çok güzel	great	adj
çok iyi	very well	adv
çok sayıda	numerous	adj
çok önemli	crucial	adj
çok şükür ki	fortunately	adv
çöl koşarı [Cursorius cursor]	cream-colored courser [Am.]	noun
çöl toygarı [Ammomanes deserti]	desert lark	noun
çıkrıkçın [Spatula querquedula, syn.: Anas querquedula]	garganey	noun
çığlık atmak	to scream	verb
öbür gün	the day after tomorrow	adv
ödünç almak	to borrow	verb
ödünç vermek	to borrow	verb
ökse ardıç kuşu [Turdus viscivorus]	mistle thrush	noun
öksürük otu [Tussilago farfara]	coltsfoot	noun
ön ad	first name	noun
önce gelmek	forego	verb
önce gitmek	forego	verb
önceki gün	the day before yesterday	adv
özlem duymak	to long for	verb
özlem duymak	to miss	verb
özür dileme	apology	noun
özür dilemek	to apologise [Br.]	verb
özür dilemek	to apologize	verb
özür dilemek	to excuse	verb
öğle yemeği	lunch	noun
öğleden sonra	afternoon	noun
öğleden sonra	in the afternoon	adv
öğleden önce	forenoon	noun
ümit etmek	to hope	verb
üst taraf	top	noun
üç bin	three thousand	noun
üç yüz	three hundred	noun
İsmin ne?	What's your name?	phrase
İyi akşamlar!	Good evening!	phrase
İyi geceler!	Good night! <Gn8>	phrase
İyi günler!	Good afternoon!	phrase
İyi günler!	Good day! [Br.]	phrase
İyi şanslar!	Good luck!	phrase
İşin içinde iş var mı?	What's the catch?	phrase
İşte bu!	Way to go!	phrase
ışık yılı <IY>	light year <ly>	noun
şaka mı yapıyorsun?	Are you kidding?	phrase
şaka yapıyorum.	I'm just kidding.	phrase
şansın açık olsun!	Good luck!	phrase
şarkı söylemek	to sing	verb
şimdiki zaman	present	noun
şimdiye kadar	so far	adv
şnorkelle yüzmek	to snorkel	verb
şu an	present	noun
şu anda	now	adv
şüphesi olmak	to doubt	verb
şüphesiz ki	indeed	adv
